{
  "project_info": {
    "project_number": "864559955998",
    "project_id": "multichat-4e9ab",
    "storage_bucket": "multichat-4e9ab.appspot.com"
  },
  "client": [
    {
      "client_info": {
        "mobilesdk_app_id": "1:864559955998:android:0217ffa77a8977524cee0f",
        "android_client_info": {
          "package_name": "com.fredymartinez.multichat"
        }
      },
      "oauth_client": [
        {
          "client_id": "864559955998-sa8gt2iv5s7nksq9dr9mnq4h9ue5k8cr.apps.googleusercontent.com",
          "client_type": 3
        }
      ],
      "api_key": [
        {
          "current_key": "AIzaSyD5jU4Gbiyve-X3OAZeE-6sTw_cYjaqe1I"
        }
      ],
      "services": {
        "appinvite_service": {
          "other_platform_oauth_client": [
            {
              "client_id": "864559955998-sa8gt2iv5s7nksq9dr9mnq4h9ue5k8cr.apps.googleusercontent.com",
              "client_type": 3
            }
          ]
        }
      }
    }
  ],
  "configuration_version": "1"
}